Employee_ID,Department_Region,Salary,Target_Bonus,Actual_Bonus
EMP1857,Cloud Tech-Texas,89994.12,1.18,1.74
EMP1858,Finance-New York,50060.73,1.1,0.62
EMP1859,Admin-Nevada,90224.82,1.05,2.13
EMP1860,Finance-Florida,106859.30,1.08,1.55
EMP1861,Finance-Nevada,89707.07,1.15,1.75
EMP1862,DevOps-California,94259.08,1.18,2.71
EMP1863,Sales-California,82174.75,1.08,2.48
EMP1864,Sales-Texas,63370.22,1.1,2.16
EMP1865,Finance-Texas,101472.69,1.1,1.62
EMP1866,DevOps-Illinois,77213.73,1.13,1.76
EMP1867,Sales-Florida,73749.96,1.15,0.55
EMP1868,Cloud Tech-New York,86618.37,1.1,1.24
EMP1869,Admin-Texas,59911.33,1.05,2.06
EMP1870,Cloud Tech-New York,59137.64,1.1,1.86
EMP1871,Cloud Tech-Florida,108474.65,1.15,1.65
EMP1872,Finance-Illinois,54417.71,1.12,2.33
EMP1873,HR-Texas,88211.94,1.07,1.05
EMP1874,Sales-New York,58452.18,1.15,2.59
EMP1875,DevOps-California,80706.28,1.18,1.36
EMP1876,Cloud Tech-Nevada,NULL,1.13,1.72
EMP1877,Cloud Tech-Texas,99471.89,1.18,1.16
EMP1878,DevOps-Florida,64431.22,1.18,0.56
EMP1879,Admin-New York,52633.48,1.05,1.77
EMP1880,Cloud Tech-Nevada,79315.01,1.15,0.58
EMP1881,Sales-Texas,110391.17,1.1,2.16
EMP1882,DevOps-Nevada,53714.83,1.15,2.34
EMP1883,Finance-New York,114587.11,1.1,2.48
EMP1884,Admin-Florida,93177.35,1.05,1
EMP1885,Cloud Tech-Nevada,62312.13,1.13,1.72
EMP1886,Cloud Tech-Texas,81137.46,1.1,2.16
EMP1887,DevOps-Nevada,104528.27,1.15,2.34
EMP1888,DevOps-Florida,112395.56,1.13,1.62
EMP1889,Finance-New York,81849.36,1.1,2.48
EMP1890,DevOps-New York,118288.91,1.13,0.64
EMP1891,DevOps-Illinois,59555.10,1.15,1.79
EMP1892,Admin-California,70661.31,1.05,1.81
EMP1893,Sales-New York,109988.16,1.1,1.86
EMP1894,Finance-Florida,101101.24,1.15,0.55
EMP1895,HR-Florida,112427.58,1.09,1.56
EMP1896,Cloud Tech-Florida,119389.15,1.18,0.56
EMP1897,Sales-Florida,105861.23,1.08,1.55
EMP1898,Admin-Texas,50869.61,1.05,1.03
EMP1899,HR-California,NULL,1.07,2.46
EMP1900,DevOps-Florida,90856.21,1.1,1.05
EMP1901,DevOps-Florida,111008.63,1.1,2.1
EMP1902,Finance-Nevada,52289.99,1.1,0.56
EMP1903,Sales-Illinois,97926.56,1.08,1.12
EMP1904,Sales-Nevada,53609.38,1.08,1.65
EMP1905,Cloud Tech-California,95372.09,1.15,2.64
EMP1906,HR-New York,95432.69,1.1,2.48
EMP1907,HR-California,97615.87,1.08,1.24
EMP1908,HR-Florida,86867.78,1.08,0.52
EMP1909,Sales-California,106615.71,1.1,1.26
EMP1910,Finance-Texas,112856.21,1.1,0.54
EMP1911,Admin-California,60356.78,1.05,0.6
EMP1912,DevOps-Texas,117870.22,1.13,2.22
EMP1913,HR-Florida,95127.91,1.06,1.01
EMP1914,Admin-Illinois,78818.42,1.05,1.09
EMP1915,Sales-Nevada,108933.55,1.1,0.56
EMP1916,Admin-California,68200.52,1.05,1.21
EMP1917,Admin-California,116934.97,1.05,1.81
EMP1918,HR-New York,99567.78,1.06,1.79
EMP1919,Admin-Texas,90216.76,1.05,1.03
EMP1920,Admin-Illinois,96588.73,1.05,1.09
EMP1921,Finance-Illinois,71109.18,1.1,0.57
EMP1922,Admin-Florida,50300.60,1.05,1.5
EMP1923,Finance-California,60295.84,1.1,1.9
EMP1924,DevOps-Texas,113012.21,1.13,2.22
EMP1925,Cloud Tech-Florida,65425.54,1.1,0.52
EMP1926,Sales-Nevada,86850.37,1.1,2.24
EMP1927,Cloud Tech-Texas,81182.07,1.1,1.62
EMP1928,Finance-New York,92222.03,1.12,0.63
EMP1929,Finance-New York,79934.83,1.08,1.22
EMP1930,HR-California,111201.12,1.08,0.62
EMP1931,Finance-California,100960.05,1.08,1.24
EMP1932,Sales-Illinois,64544.87,1.15,1.19
EMP1933,Sales-Florida,78662.24,1.15,0.55
EMP1934,Sales-Florida,102867.06,1.1,1.05
EMP1935,HR-Illinois,107595.95,1.1,2.29
EMP1936,Sales-Nevada,NULL,1.12,1.71
EMP1937,DevOps-Nevada,95766.91,1.18,1.2
EMP1938,Finance-Nevada,51990.98,1.12,2.28
EMP1939,Sales-Nevada,83634.01,1.1,1.12
EMP1940,DevOps-Texas,NULL,1.13,1.66
EMP1941,Sales-Texas,82273.08,1.12,2.2
EMP1942,Cloud Tech-California,94537.30,1.13,1.95
EMP1943,HR-Illinois,85970.65,1.1,1.71
EMP1944,Sales-New York,111071.02,1.12,2.52
EMP1945,DevOps-Nevada,56708.34,1.13,2.3
EMP1946,Admin-Illinois,104516.55,1.05,2.18
EMP1947,Admin-New York,108210.15,1.05,0.59
EMP1948,Finance-Texas,NULL,1.08,2.12
EMP1949,DevOps-California,80935.65,1.1,2.53
EMP1950,DevOps-California,107020.19,1.1,2.53
EMP1951,HR-New York,118677.67,1.1,2.48
EMP1952,Cloud Tech-Florida,63744.57,1.18,1.13
EMP1953,Cloud Tech-California,NULL,1.18,0.68
EMP1954,Sales-New York,62934.73,1.12,1.89
EMP1955,DevOps-California,74654.23,1.15,2.64
EMP1956,Sales-Texas,NULL,1.08,1.06
EMP1957,HR-New York,118150.59,1.1,1.24
EMP1958,DevOps-Florida,91256.64,1.1,1.05
EMP1959,HR-Florida,85997.57,1.09,1.56
EMP1960,Finance-Texas,84707.12,1.15,2.26
EMP1961,DevOps-Texas,84559.90,1.15,0.56
EMP1962,DevOps-California,81076.91,1.1,0.63
EMP1963,Admin-Texas,NULL,1.05,1.03
EMP1964,Finance-Florida,97356.31,1.1,1.57
EMP1965,DevOps-Illinois,114770.32,1.1,1.71
EMP1966,Admin-California,109082.07,1.05,1.81
EMP1967,DevOps-Florida,99944.57,1.1,0.52
EMP1968,HR-Florida,116509.72,1.07,1.02
EMP1969,Finance-Texas,84253.90,1.12,2.2
EMP1970,Cloud Tech-Nevada,54776.01,1.1,0.56
EMP1971,Sales-Nevada,71192.68,1.15,1.17
EMP1972,Finance-Florida,96346.53,1.12,1.07
EMP1973,HR-Illinois,116680.63,1.1,2.29
EMP1974,Finance-Florida,76343.56,1.08,2.06
EMP1975,Sales-Nevada,99424.14,1.08,2.19
EMP1976,DevOps-Florida,57656.74,1.1,1.57
EMP1977,Sales-New York,77396.94,1.15,2.59
EMP1978,DevOps-California,54299.68,1.15,1.32
EMP1979,HR-Nevada,103563.58,1.1,2.24
EMP1980,Finance-California,74588.85,1.1,1.26
EMP1981,DevOps-California,113727.23,1.18,0.68
EMP1982,HR-New York,72828.18,1.07,1.81
EMP1983,Sales-Florida,98717.09,1.15,0.55
EMP1984,Sales-Florida,56840.80,1.1,0.52
EMP1985,Finance-Illinois,61663.91,1.12,1.16
EMP1986,Finance-Nevada,109523.40,1.08,0.55
EMP1987,HR-Illinois,65812.02,1.06,1.1
EMP1988,Cloud Tech-Illinois,54708.88,1.15,2.39
EMP1989,Admin-California,107661.73,1.05,2.41
EMP1990,DevOps-Illinois,79002.00,1.15,1.19
EMP1991,Admin-Texas,86135.69,1.05,2.06
EMP1992,DevOps-Nevada,115601.40,1.15,1.75
EMP1993,DevOps-Nevada,64045.36,1.13,0.57
EMP1994,DevOps-Nevada,80477.21,1.1,1.68
EMP1995,Finance-California,61240.90,1.1,0.63
EMP1996,Admin-Texas,51939.29,1.05,2.06
EMP1997,Finance-Illinois,95284.54,1.1,1.71
EMP1998,Admin-Texas,106247.67,1.05,2.06
EMP1999,DevOps-Florida,110170.88,1.18,0.56
EMP2000,HR-Nevada,52615.44,1.06,1.08
EMP2001,DevOps-Illinois,82547.26,1.18,1.23
EMP2002,Finance-Illinois,63049.22,1.15,1.79
EMP2003,HR-California,115229.12,1.07,2.46
EMP2004,DevOps-Illinois,60687.63,1.1,2.29
EMP2005,Finance-Illinois,67492.73,1.1,1.71
EMP2006,HR-Illinois,77821.79,1.07,1.11
EMP2007,DevOps-Texas,69146.95,1.13,0.55
EMP2008,Admin-Nevada,90224.82,1.05,1.6
EMP2009,Finance-Illinois,62603.98,1.08,0.56
EMP2010,Sales-Nevada,71148.27,1.08,1.1
EMP2011,Admin-California,52031.74,1.05,2.41
EMP2012,DevOps-Florida,NULL,1.1,1.05
EMP2013,HR-Illinois,116680.63,1.1,1.71
EMP2014,Finance-Nevada,51990.98,1.12,2.28
EMP2015,HR-California,NULL,1.07,1.84
EMP2016,Cloud Tech-Texas,100215.06,1.15,1.69
EMP2017,Finance-New York,114587.11,1.1,1.24
EMP2018,HR-Florida,71318.79,1.06,1.52
EMP2019,DevOps-Illinois,77764.24,1.15,1.19
EMP1000,DevOps-California,59767.65,1.15,1.32
EMP1001,Finance-Texas,65304.66,1.15,2.26
EMP1002,Admin-Nevada,88145.90,1.05,1.6
EMP1003,Admin-Nevada,69450.99,1.05,1.6
EMP1004,Cloud Tech-Florida,109324.61,1.13,0.54
EMP1005,Sales-Texas,88642.84,1.15,1.69
EMP1006,Admin-Nevada,96288.43,1.05,1.6
EMP1007,Cloud Tech-Florida,94497.91,1.13,1.08
EMP1008,Admin-Nevada,115565.82,1.05,2.13
EMP1009,DevOps-New York,76561.88,1.13,2.54
EMP1010,Cloud Tech-New York,72081.71,1.1,1.24
EMP1011,DevOps-California,84946.19,1.1,0.63
EMP1012,HR-New York,89295.77,1.06,2.39
EMP1013,Finance-California,85666.84,1.15,1.98
EMP1014,Admin-Nevada,97633.68,1.05,2.13
EMP1015,Sales-Florida,117975.49,1.12,1.6
EMP1016,DevOps-Illinois,94867.33,1.1,0.57
EMP1017,Finance-Texas,100377.65,1.08,1.06
EMP1018,Cloud Tech-Nevada,94726.46,1.1,2.24
EMP1019,Admin-Illinois,91926.12,1.05,1.09
EMP1020,HR-New York,111460.67,1.09,2.45
EMP1021,Cloud Tech-Illinois,96182.56,1.18,1.84
EMP1022,Sales-Illinois,115023.94,1.12,1.16
EMP1023,Finance-Nevada,80667.01,1.1,2.24
EMP1024,Admin-Texas,91181.61,1.05,1.55
EMP1025,Cloud Tech-Nevada,66025.92,1.18,1.2
EMP1026,Sales-New York,83979.01,1.1,1.24
EMP1027,Finance-Florida,56785.16,1.15,2.19
EMP1028,Finance-Nevada,95741.88,1.1,2.24
EMP1029,DevOps-California,63411.31,1.15,2.64
EMP1030,Admin-California,111214.02,1.05,1.81
EMP1031,DevOps-Illinois,114845.69,1.18,2.45
EMP1032,Finance-Florida,78072.82,1.08,1.03
EMP1033,Finance-California,79610.52,1.12,1.29
EMP1034,Admin-California,90542.62,1.05,2.41
EMP1035,Cloud Tech-Illinois,114357.10,1.13,2.35
EMP1036,Cloud Tech-New York,54757.26,1.1,0.62
EMP1037,Sales-New York,52781.92,1.1,1.24
EMP1038,Admin-Nevada,66708.02,1.05,1.6
EMP1039,HR-Texas,93481.15,1.08,0.53
EMP1040,Sales-New York,59271.96,1.12,2.52
EMP1041,HR-California,108362.15,1.08,2.48
EMP1042,HR-Nevada,59400.38,1.06,1.08
EMP1043,Admin-California,64744.08,1.05,2.41
EMP1044,Finance-California,94399.91,1.15,1.98
EMP1045,HR-New York,61310.74,1.09,1.23
EMP1046,Cloud Tech-Texas,98371.37,1.1,2.16
EMP1047,Sales-Illinois,58921.19,1.1,1.14
EMP1048,Admin-Nevada,57195.55,1.05,2.13
EMP1049,DevOps-New York,61375.12,1.1,2.48
EMP1050,Cloud Tech-New York,104767.05,1.15,2.59
EMP1051,Admin-Nevada,111051.67,1.05,1.6
EMP1052,Finance-California,105674.18,1.08,1.86
EMP1053,Finance-California,54859.45,1.08,1.24
EMP1054,Finance-Nevada,115746.60,1.12,2.28
EMP1055,Sales-California,91759.99,1.15,2.64
EMP1056,Sales-Illinois,112965.33,1.1,1.71
EMP1057,Cloud Tech-Illinois,100360.10,1.1,2.29
EMP1058,Finance-Texas,93620.88,1.12,1.65
EMP1059,Sales-California,72832.80,1.1,2.53
EMP1060,Finance-Nevada,102369.42,1.1,1.12
EMP1061,Sales-Texas,64712.79,1.12,2.2
EMP1062,Finance-Florida,85782.18,1.12,2.14
EMP1063,HR-Illinois,93348.26,1.07,0.56
EMP1064,Admin-New York,53234.96,1.05,1.77
EMP1065,Finance-Nevada,100284.21,1.12,2.28
EMP1066,Admin-Nevada,112486.19,1.05,2.13
EMP1067,Admin-New York,82518.49,1.05,0.59
EMP1068,Admin-Florida,119152.47,1.05,0.5
EMP1069,DevOps-Illinois,113479.83,1.1,1.71
EMP1070,Finance-California,94636.30,1.08,0.62
EMP1071,HR-Florida,70000.97,1.07,1.02
EMP1072,Cloud Tech-New York,76812.47,1.15,0.65
EMP1073,Finance-Florida,82614.70,1.1,1.05
EMP1074,Sales-Nevada,111645.97,1.08,1.65
EMP1075,HR-California,112414.91,1.06,1.83
EMP1076,Admin-California,52031.74,1.05,1.81
EMP1077,Finance-New York,51887.65,1.1,1.86
EMP1078,DevOps-Florida,82318.89,1.1,1.57
EMP1079,Admin-Florida,103286.08,1.05,1
EMP1080,Cloud Tech-Florida,87759.33,1.1,1.05
EMP1081,DevOps-Texas,102796.32,1.18,1.74
EMP1082,Sales-New York,83149.27,1.15,0.65
EMP1083,DevOps-California,92412.49,1.18,2.71
EMP1084,HR-Texas,115022.10,1.1,1.62
EMP1085,DevOps-New York,98343.01,1.1,0.62
EMP1086,DevOps-Illinois,118869.10,1.1,2.29
EMP1087,Finance-Nevada,85417.26,1.15,1.75
EMP1088,Cloud Tech-Florida,112410.25,1.1,1.57
EMP1089,Admin-Nevada,68905.77,1.05,1.07
EMP1090,Finance-Nevada,72561.32,1.12,2.28
EMP1091,Finance-New York,92723.22,1.1,2.48
EMP1092,HR-New York,74837.75,1.09,0.61
EMP1093,DevOps-California,86163.91,1.18,1.36
EMP1094,Finance-Illinois,83326.52,1.1,1.14
EMP1095,Cloud Tech-California,98425.10,1.13,1.3
EMP1096,Sales-Illinois,119764.20,1.1,1.14
EMP1097,HR-California,58445.91,1.09,2.5
EMP1098,DevOps-New York,101702.33,1.15,2.59
EMP1099,Admin-California,NULL,1.05,1.81
EMP1100,Cloud Tech-Texas,98819.22,1.15,1.69
EMP1101,Cloud Tech-Illinois,83509.99,1.13,1.17
EMP1102,Finance-Texas,84422.26,1.1,1.08
EMP1103,Admin-Illinois,119574.27,1.05,1.09
EMP1104,Sales-Illinois,86580.08,1.08,1.68
EMP1105,Sales-Florida,93471.91,1.1,0.52
EMP1106,DevOps-New York,55683.12,1.1,0.62
EMP1107,Cloud Tech-Florida,91566.78,1.1,1.57
EMP1108,DevOps-California,81782.19,1.1,1.9
EMP1109,DevOps-New York,88119.37,1.18,1.99
EMP1110,Cloud Tech-Texas,71532.83,1.1,1.62
EMP1111,Cloud Tech-Florida,98981.36,1.15,1.65
EMP1112,Cloud Tech-Illinois,80242.01,1.1,1.71
EMP1113,Cloud Tech-New York,110236.18,1.1,1.24
EMP1114,Sales-Texas,86327.47,1.1,1.08
EMP1115,Sales-Florida,84420.81,1.08,1.03
EMP1116,HR-California,110041.32,1.1,1.26
EMP1117,DevOps-Florida,81837.81,1.18,1.69
EMP1118,Finance-Illinois,110855.72,1.1,0.57
EMP1119,Sales-California,84894.52,1.08,2.48
EMP1120,HR-Illinois,80668.13,1.09,1.7
EMP1121,DevOps-Illinois,61086.47,1.1,2.29
EMP1122,Admin-Texas,95339.68,1.05,0.52
EMP1123,DevOps-California,83774.97,1.1,1.26
EMP1124,Admin-Florida,85576.86,1.05,0.5
EMP1125,Finance-California,107438.46,1.12,1.93
EMP1126,Sales-Nevada,60401.68,1.08,1.1
EMP1127,Sales-Illinois,115299.66,1.1,1.71
EMP1128,Finance-New York,72272.34,1.15,1.29
EMP1129,DevOps-Nevada,117537.71,1.13,2.3
EMP1130,Finance-Texas,51074.33,1.1,2.16
EMP1131,Finance-California,98489.32,1.1,2.53
EMP1132,Finance-California,112120.71,1.1,0.63
EMP1133,Cloud Tech-New York,114465.04,1.1,1.86
EMP1134,Cloud Tech-Nevada,57035.51,1.1,0.56
EMP1135,Cloud Tech-California,75092.43,1.15,2.64
EMP1136,Finance-Illinois,62603.98,1.08,1.68
EMP1137,DevOps-New York,60018.24,1.1,2.48
EMP1138,HR-Nevada,82567.73,1.06,0.54
EMP1139,Finance-California,94725.71,1.12,0.64
EMP1140,HR-New York,83824.56,1.06,0.6
EMP1141,HR-Nevada,118456.11,1.1,2.24
EMP1142,Sales-Nevada,113743.19,1.15,1.75
EMP1143,Sales-California,63309.24,1.1,1.9
EMP1144,DevOps-Nevada,105202.73,1.15,2.34
EMP1145,Cloud Tech-California,79085.22,1.1,1.9
EMP1146,Sales-California,113983.43,1.12,2.57
EMP1147,Cloud Tech-Florida,102790.60,1.18,1.69
EMP1148,HR-Texas,68512.10,1.1,1.08
EMP1149,Sales-Florida,57584.23,1.1,1.05
EMP1150,Sales-California,95335.67,1.12,0.64
EMP1151,DevOps-Florida,53174.28,1.18,1.13
EMP1152,Cloud Tech-New York,77205.21,1.18,1.33
EMP1153,DevOps-Nevada,79041.92,1.1,1.12
EMP1154,Finance-California,75937.10,1.1,2.53
EMP1155,Cloud Tech-Nevada,113118.73,1.1,1.12
EMP1156,HR-New York,107693.38,1.06,1.19
EMP1157,Cloud Tech-Texas,119217.46,1.15,0.56
EMP1158,Sales-New York,106913.71,1.12,1.26
EMP1159,Cloud Tech-California,87815.08,1.18,1.36
EMP1160,Admin-Texas,105190.21,1.05,1.55
EMP1161,HR-Texas,79467.24,1.06,0.52
EMP1162,Finance-California,57633.78,1.1,0.63
EMP1163,HR-Florida,54257.78,1.1,0.52
EMP1164,DevOps-Texas,113679.06,1.1,0.54
EMP1165,Sales-New York,69251.12,1.15,0.65
EMP1166,Sales-Illinois,85388.58,1.1,0.57
EMP1167,DevOps-New York,112166.37,1.13,2.54
EMP1168,Finance-Nevada,79873.48,1.12,1.14
EMP1169,DevOps-Florida,108224.03,1.18,0.56
EMP1170,Admin-Illinois,116963.72,1.05,1.09
EMP1171,HR-Nevada,114109.06,1.06,1.08
EMP1172,HR-California,85518.88,1.07,2.46
EMP1173,Cloud Tech-California,58041.97,1.13,0.65
EMP1174,Sales-Illinois,94988.94,1.1,1.71
EMP1175,Admin-California,71628.93,1.05,2.41
EMP1176,Admin-Illinois,54870.98,1.05,1.64
EMP1177,DevOps-Illinois,79388.27,1.13,1.17
EMP1178,DevOps-California,55946.99,1.1,1.26
EMP1179,Cloud Tech-Nevada,81017.91,1.15,2.34
EMP1180,HR-New York,74162.10,1.1,2.48
EMP1181,DevOps-California,77668.44,1.15,1.98
EMP1182,HR-New York,67886.37,1.06,0.6
EMP1183,DevOps-Florida,76614.52,1.18,1.69
EMP1184,Finance-Nevada,51311.91,1.1,2.24
EMP1185,Finance-Illinois,94809.92,1.1,1.71
EMP1186,HR-New York,108241.81,1.08,2.43
EMP1187,Cloud Tech-New York,78031.49,1.1,1.86
EMP1188,Admin-California,85733.83,1.05,2.41
EMP1189,HR-Nevada,60338.29,1.06,2.15
EMP1190,Admin-Illinois,103140.67,1.05,2.18
EMP1191,Sales-Illinois,114690.80,1.1,0.57
EMP1192,Admin-Florida,80954.56,1.05,1.5
EMP1193,Cloud Tech-California,71728.55,1.18,2.03
EMP1194,HR-Texas,118415.80,1.06,1.56
EMP1195,Sales-Illinois,81481.36,1.15,2.39
EMP1196,Sales-Florida,117040.57,1.15,1.65
EMP1197,Sales-Nevada,67342.06,1.15,1.75
EMP1198,Sales-Illinois,76099.64,1.1,2.29
EMP1199,DevOps-Illinois,94162.06,1.1,1.14
EMP1200,Sales-Nevada,67639.70,1.12,2.28
EMP1201,Cloud Tech-Illinois,114172.25,1.18,1.84
EMP1202,Sales-Nevada,89124.54,1.12,2.28
EMP1203,DevOps-Nevada,113871.36,1.1,1.12
EMP1204,HR-Texas,62618.40,1.09,2.14
EMP1205,Admin-New York,70705.45,1.05,1.77
EMP1206,Sales-New York,60797.69,1.1,1.24
EMP1207,Cloud Tech-Florida,100371.00,1.1,0.52
EMP1208,Admin-Illinois,117591.76,1.05,1.64
EMP1209,DevOps-Illinois,103860.70,1.13,1.17
EMP1210,Admin-Illinois,67500.22,1.05,1.09
EMP1211,Cloud Tech-Nevada,58727.44,1.1,0.56
EMP1212,Finance-Illinois,80623.08,1.08,2.24
EMP1213,HR-Texas,77751.78,1.1,2.16
EMP1214,HR-New York,115157.81,1.09,1.84
EMP1215,Admin-Texas,83071.85,1.05,0.52
EMP1216,Sales-Texas,67914.67,1.15,2.26
EMP1217,HR-New York,53342.46,1.1,0.62
EMP1218,Cloud Tech-Florida,51150.47,1.13,2.16
EMP1219,HR-Florida,74697.12,1.07,1.02
EMP1220,Sales-California,88085.74,1.1,2.53
EMP1221,Finance-Texas,118672.76,1.1,0.54
EMP1222,Cloud Tech-California,95997.31,1.1,1.26
EMP1223,Cloud Tech-California,106945.62,1.15,1.32
EMP1224,DevOps-New York,100123.15,1.18,1.33
EMP1225,Admin-Texas,52933.42,1.05,0.52
EMP1226,Finance-California,95283.03,1.08,1.86
EMP1227,HR-Texas,112264.06,1.08,1.59
EMP1228,Admin-Florida,75714.28,1.05,1.5
EMP1229,DevOps-Florida,92171.73,1.13,0.54
EMP1230,Cloud Tech-Texas,70694.80,1.1,1.08
EMP1231,DevOps-Florida,52964.86,1.13,1.62
EMP1232,Finance-California,116353.31,1.08,0.62
EMP1233,Sales-Nevada,116695.26,1.15,1.75
EMP1234,Admin-Texas,95161.40,1.05,2.06
EMP1235,Admin-Nevada,76040.94,1.05,1.6
EMP1236,HR-Florida,69508.28,1.07,1.53
EMP1237,Finance-Illinois,58243.27,1.1,1.14
EMP1238,Sales-California,64012.48,1.1,0.63
EMP1239,Admin-Nevada,106735.93,1.05,1.07
EMP1240,DevOps-Texas,70325.36,1.13,1.11
EMP1241,HR-Illinois,118959.28,1.1,1.14
EMP1242,Cloud Tech-California,75823.78,1.1,1.26
EMP1243,Cloud Tech-Texas,119971.65,1.13,1.11
EMP1244,Sales-Texas,94963.70,1.12,1.65
EMP1245,Sales-Nevada,103744.71,1.12,1.14
EMP1246,Sales-New York,61337.69,1.15,1.29
EMP1247,Sales-California,63741.13,1.12,0.64
EMP1248,DevOps-California,56539.99,1.13,2.6
EMP1249,DevOps-Illinois,73633.37,1.1,1.71
EMP1250,Cloud Tech-Texas,90373.99,1.1,1.62
EMP1251,DevOps-Texas,93901.48,1.1,1.62
EMP1252,Admin-Nevada,81748.09,1.05,1.07
EMP1253,Finance-Florida,73813.48,1.12,1.07
EMP1254,Finance-New York,89315.59,1.1,1.24
EMP1255,HR-Florida,56776.82,1.1,0.52
EMP1256,Finance-New York,72920.51,1.08,2.43
EMP1257,Admin-Florida,84913.18,1.05,1
EMP1258,Finance-Illinois,65060.11,1.12,2.33
EMP1259,Finance-Illinois,82941.08,1.1,0.57
EMP1260,Admin-California,103469.97,1.05,1.81
EMP1261,Sales-Illinois,88725.60,1.1,1.14
EMP1262,HR-Illinois,58316.77,1.07,2.22
EMP1263,HR-Illinois,60098.72,1.06,2.2
EMP1264,Cloud Tech-Texas,99951.43,1.18,1.16
EMP1265,Sales-Illinois,115195.81,1.12,1.75
EMP1266,DevOps-California,85512.05,1.15,1.98
EMP1267,HR-Florida,73186.77,1.08,1.55
EMP1268,HR-Nevada,51865.30,1.07,0.54
EMP1269,Sales-Florida,94031.77,1.1,2.1
EMP1270,DevOps-New York,116374.36,1.1,2.48
EMP1271,HR-Florida,98335.02,1.08,2.06
EMP1272,DevOps-New York,89262.07,1.15,0.65
EMP1273,Finance-California,113848.69,1.1,2.53
EMP1274,Sales-Florida,69530.45,1.12,0.53
EMP1275,DevOps-New York,84230.22,1.1,1.86
EMP1276,Cloud Tech-Illinois,76578.59,1.13,1.17
EMP1277,HR-Texas,55532.06,1.07,2.1
EMP1278,Admin-New York,115311.68,1.05,2.36
EMP1279,Sales-Nevada,66972.06,1.12,1.71
EMP1280,Cloud Tech-Texas,100215.06,1.15,1.13
EMP1281,Sales-New York,115452.25,1.1,0.62
EMP1282,HR-California,54141.38,1.07,1.23
EMP1283,DevOps-Nevada,79251.95,1.15,1.75
EMP1284,Finance-New York,114822.78,1.08,1.82
EMP1285,Sales-Illinois,69919.32,1.12,1.16
EMP1286,Sales-Florida,106616.97,1.12,0.53
EMP1287,DevOps-New York,73597.85,1.1,0.62
EMP1288,Sales-Nevada,79939.23,1.08,2.19
EMP1289,Admin-New York,NULL,1.05,0.59
EMP1290,Finance-California,90772.25,1.12,1.29
EMP1291,DevOps-New York,58275.74,1.1,1.86
EMP1292,DevOps-California,94709.79,1.18,2.71
EMP1293,Admin-New York,60722.99,1.05,2.36
EMP1294,DevOps-Illinois,87626.24,1.1,1.71
EMP1295,DevOps-Illinois,81272.36,1.13,0.59
EMP1296,Cloud Tech-Texas,64150.97,1.13,1.66
EMP1297,Sales-Florida,64378.10,1.1,0.52
EMP1298,Finance-Texas,85927.35,1.15,1.69
EMP1299,Finance-Nevada,51523.93,1.08,1.1
EMP1300,Sales-Texas,74117.02,1.1,0.54
EMP1301,Finance-Texas,62598.69,1.1,1.08
EMP1302,Finance-Florida,55617.50,1.1,2.1
EMP1303,Cloud Tech-New York,87018.98,1.13,1.91
EMP1304,Cloud Tech-California,100336.58,1.1,2.53
EMP1305,Admin-Florida,69295.48,1.05,2
EMP1306,DevOps-Florida,115536.66,1.1,2.1
EMP1307,Cloud Tech-Texas,81250.87,1.18,2.32
EMP1308,DevOps-Texas,66403.75,1.13,1.66
EMP1309,Sales-California,114147.79,1.08,2.48
EMP1310,HR-New York,65472.99,1.08,1.82
EMP1311,Sales-Nevada,97512.51,1.1,1.68
EMP1312,DevOps-Nevada,86712.41,1.1,1.12
EMP1313,HR-Florida,87654.98,1.06,0.51
EMP1314,DevOps-New York,89367.02,1.18,0.66
EMP1315,Admin-California,95269.41,1.05,1.81
EMP1316,Sales-Nevada,68792.31,1.15,1.17
EMP1317,Admin-Illinois,89119.53,1.05,1.64
EMP1318,Cloud Tech-New York,58212.13,1.1,1.86
EMP1319,DevOps-Illinois,77764.24,1.15,1.79
EMP1320,Finance-Florida,75148.17,1.1,1.05
EMP1321,Cloud Tech-Nevada,108781.18,1.1,0.56
EMP1322,Finance-Texas,65489.19,1.08,1.06
EMP1323,Sales-Illinois,70663.46,1.1,2.29
EMP1324,Sales-New York,95822.56,1.1,1.24
EMP1325,DevOps-Nevada,82258.03,1.13,1.15
EMP1326,Admin-Nevada,62883.34,1.05,1.07
EMP1327,Cloud Tech-Texas,103503.72,1.18,1.16
EMP1328,DevOps-New York,85401.30,1.15,0.65
EMP1329,Cloud Tech-Texas,NULL,1.1,2.16
EMP1330,HR-Texas,98850.14,1.06,0.52
EMP1331,Cloud Tech-Illinois,63435.24,1.15,0.6
EMP1332,Finance-Texas,82129.84,1.1,1.08
EMP1333,DevOps-Texas,95492.61,1.1,1.62
EMP1334,Finance-Illinois,94572.37,1.15,1.79
EMP1335,Finance-Nevada,118413.05,1.1,0.56
EMP1336,Admin-Nevada,68976.65,1.05,0.53
EMP1337,Sales-Nevada,115013.65,1.12,1.14
EMP1338,Admin-Nevada,70949.38,1.05,0.53
EMP1339,HR-Florida,105334.87,1.1,1.05
EMP1340,DevOps-California,80596.18,1.18,2.03
EMP1341,Sales-Illinois,72846.37,1.08,1.68
EMP1342,Admin-California,80229.36,1.05,2.41
EMP1343,Sales-California,55145.47,1.1,1.9
EMP1344,DevOps-Florida,NULL,1.13,0.54
EMP1345,HR-California,56110.81,1.1,1.9
EMP1346,Cloud Tech-Texas,56514.50,1.1,1.08
EMP1347,Cloud Tech-California,104541.84,1.13,1.95
EMP1348,Sales-New York,61865.12,1.1,2.48
EMP1349,Admin-Texas,69317.33,1.05,1.55
EMP1350,HR-New York,84706.17,1.07,1.2
EMP1351,Admin-California,73255.21,1.05,1.21
EMP1352,HR-Florida,59528.71,1.07,0.51
EMP1353,HR-New York,70401.37,1.09,1.84
EMP1354,Admin-California,107154.62,1.05,1.21
EMP1355,Admin-Illinois,97719.88,1.05,2.18
EMP1356,Finance-California,107327.59,1.15,0.66
EMP1357,Admin-Nevada,67687.72,1.05,2.13
EMP1358,Cloud Tech-Florida,90757.08,1.13,1.62
EMP1359,Cloud Tech-California,87583.42,1.1,1.9
EMP1360,Admin-Nevada,61643.69,1.05,1.6
EMP1361,Finance-Texas,68111.69,1.15,0.56
EMP1362,HR-Florida,97568.88,1.06,1.01
EMP1363,Cloud Tech-Florida,79118.28,1.15,0.55
EMP1364,HR-California,104898.90,1.08,2.48
EMP1365,Cloud Tech-Florida,81671.30,1.1,0.52
EMP1366,Cloud Tech-California,97399.75,1.18,2.71
EMP1367,Admin-Illinois,89189.43,1.05,0.55
EMP1368,DevOps-New York,96011.55,1.1,1.24
EMP1369,Sales-Florida,99331.49,1.15,2.19
EMP1370,Cloud Tech-Illinois,72818.94,1.13,1.76
EMP1371,Sales-Nevada,77204.75,1.1,1.68
EMP1372,HR-Florida,106961.68,1.09,0.52
EMP1373,Sales-Texas,71923.00,1.15,1.69
EMP1374,HR-Nevada,77192.43,1.08,2.19
EMP1375,Admin-Florida,98540.30,1.05,1.5
EMP1376,Admin-Florida,63096.90,1.05,1
EMP1377,Cloud Tech-Florida,107065.12,1.15,1.1
EMP1378,DevOps-Florida,108792.43,1.1,0.52
EMP1379,Cloud Tech-New York,69239.70,1.18,2.66
EMP1380,Sales-Nevada,85756.42,1.1,1.12
EMP1381,HR-Illinois,100328.62,1.06,1.1
EMP1382,DevOps-Nevada,111236.69,1.15,2.34
EMP1383,Cloud Tech-Florida,106832.22,1.1,1.57
EMP1384,DevOps-Florida,59746.45,1.1,1.57
EMP1385,Sales-California,91780.04,1.12,0.64
EMP1386,Sales-California,107062.66,1.1,1.9
EMP1387,HR-Nevada,110625.52,1.07,2.17
EMP1388,DevOps-Florida,90419.79,1.18,1.13
EMP1389,Finance-Texas,111608.76,1.08,1.59
EMP1390,Finance-Florida,50173.12,1.1,0.52
EMP1391,DevOps-Nevada,109507.44,1.13,1.72
EMP1392,Finance-New York,72600.56,1.12,2.52
EMP1393,Finance-California,53388.65,1.08,0.62
EMP1394,Cloud Tech-New York,50047.32,1.13,1.91
EMP1395,DevOps-California,115290.79,1.1,0.63
EMP1396,Cloud Tech-California,61586.76,1.1,2.53
EMP1397,Finance-Nevada,56662.86,1.1,1.12
EMP1398,Sales-New York,NULL,1.1,2.48
EMP1399,Finance-Nevada,54957.98,1.1,2.24
EMP1400,HR-California,76790.47,1.1,2.53
EMP1401,Cloud Tech-Illinois,92722.35,1.18,2.45
EMP1402,DevOps-Nevada,93125.32,1.13,1.15
EMP1403,Cloud Tech-New York,101100.64,1.1,1.24
EMP1404,Admin-New York,55897.41,1.05,0.59
EMP1405,DevOps-California,92484.88,1.13,1.95
EMP1406,DevOps-Texas,77011.99,1.13,1.11
EMP1407,Cloud Tech-California,77078.68,1.18,1.36
EMP1408,Sales-Nevada,82971.02,1.08,1.65
EMP1409,Sales-Texas,65102.01,1.12,1.1
EMP1410,HR-Nevada,103697.70,1.08,2.19
EMP1411,DevOps-Illinois,60687.63,1.1,2.29
EMP1412,Admin-New York,77351.21,1.05,1.77
EMP1413,DevOps-Florida,66704.62,1.1,0.52
EMP1414,Finance-Illinois,71650.30,1.15,0.6
EMP1415,Cloud Tech-Nevada,50794.54,1.1,1.68
EMP1416,Sales-Nevada,76030.86,1.15,1.75
EMP1417,Cloud Tech-California,86669.79,1.15,2.64
EMP1418,Finance-Illinois,84972.70,1.15,0.6
EMP1419,HR-Texas,100594.49,1.07,1.05
EMP1420,Cloud Tech-New York,75478.35,1.13,2.54
EMP1421,Sales-Nevada,79355.85,1.1,1.68
EMP1422,HR-Texas,58358.07,1.08,0.53
EMP1423,Admin-Illinois,54824.85,1.05,1.09
EMP1424,HR-Texas,50557.84,1.08,1.06
EMP1425,Admin-Florida,118030.04,1.05,2
EMP1426,Admin-New York,51673.72,1.05,0.59
EMP1427,Cloud Tech-Nevada,101665.79,1.1,0.56
EMP1428,Admin-Florida,118079.15,1.05,1.5
EMP1429,Cloud Tech-New York,99059.28,1.13,0.64
EMP1430,Cloud Tech-Illinois,107397.40,1.1,0.57
EMP1431,DevOps-New York,68269.37,1.15,2.59
EMP1432,HR-Florida,55228.12,1.09,0.52
EMP1433,Cloud Tech-New York,71982.33,1.13,1.27
EMP1434,Finance-California,109673.75,1.12,2.57
EMP1435,Cloud Tech-New York,56384.90,1.18,2.66
EMP1436,Sales-Texas,68211.68,1.12,1.65
EMP1437,Finance-Illinois,67489.68,1.1,0.57
EMP1438,Cloud Tech-Texas,63869.31,1.18,1.74
EMP1439,Sales-California,119801.30,1.15,1.32
EMP1440,Cloud Tech-California,115959.65,1.18,2.71
EMP1441,Finance-Texas,79866.48,1.1,2.16
EMP1442,HR-Florida,92987.46,1.1,2.1
EMP1443,Finance-Illinois,56140.51,1.15,1.19
EMP1444,DevOps-Illinois,119586.11,1.1,1.14
EMP1445,DevOps-California,104700.46,1.1,1.9
EMP1446,HR-New York,91798.14,1.09,1.84
EMP1447,Finance-Illinois,90879.22,1.08,1.68
EMP1448,Admin-Nevada,87358.27,1.05,0.53
EMP1449,Sales-Florida,119407.93,1.08,2.06
EMP1450,HR-Nevada,113978.60,1.08,2.19
EMP1451,Sales-New York,108568.78,1.12,1.89
EMP1452,HR-New York,56318.02,1.1,2.48
EMP1453,Sales-Florida,114252.73,1.12,1.6
EMP1454,DevOps-New York,51533.90,1.18,0.66
EMP1455,Sales-California,99317.66,1.1,0.63
EMP1456,HR-California,101264.64,1.1,1.26
EMP1457,Admin-Nevada,112272.02,1.05,0.53
EMP1458,DevOps-Illinois,71477.63,1.13,1.76
EMP1459,DevOps-Texas,77412.10,1.1,0.54
EMP1460,Sales-California,94775.27,1.12,1.29
EMP1461,HR-Nevada,74276.71,1.09,2.21
EMP1462,Finance-Texas,67467.86,1.12,1.65
EMP1463,DevOps-Texas,80675.41,1.13,2.22
EMP1464,Finance-Florida,76274.33,1.1,1.05
EMP1465,Finance-Texas,51405.46,1.12,1.1
EMP1466,HR-New York,101238.96,1.1,1.24
EMP1467,Sales-Illinois,52169.52,1.1,2.29
EMP1468,Finance-New York,73176.62,1.15,2.59
EMP1469,DevOps-Nevada,96241.85,1.15,2.34
EMP1470,Finance-Illinois,84366.38,1.08,2.24
EMP1471,Cloud Tech-California,92015.09,1.1,1.26
EMP1472,Admin-Nevada,83149.95,1.05,1.07
EMP1473,Finance-Nevada,94930.65,1.15,1.75
EMP1474,HR-New York,68430.72,1.1,1.86
EMP1475,Sales-Texas,98752.97,1.08,2.12
EMP1476,Finance-Illinois,54268.86,1.1,0.57
EMP1477,DevOps-Florida,66494.94,1.1,0.52
EMP1478,Sales-Illinois,90003.98,1.08,1.12
EMP1479,Finance-New York,106592.25,1.12,1.26
EMP1480,DevOps-Florida,93905.83,1.1,1.05
EMP1481,DevOps-Texas,88945.49,1.13,1.66
EMP1482,Finance-Texas,91130.33,1.1,1.62
EMP1483,Admin-New York,90787.40,1.05,1.18
EMP1484,Sales-Texas,87494.34,1.08,1.06
EMP1485,Finance-Nevada,92627.35,1.1,1.12
EMP1486,Admin-Illinois,98556.29,1.05,0.55
EMP1487,Cloud Tech-Nevada,112792.20,1.15,1.75
EMP1488,HR-Florida,56875.22,1.07,0.51
EMP1489,DevOps-Florida,101015.96,1.15,0.55
EMP1490,Finance-New York,83912.22,1.08,1.22
EMP1491,Sales-New York,99669.86,1.12,1.26
EMP1492,Admin-New York,52314.97,1.05,2.36
EMP1493,HR-California,77785.96,1.08,2.48
EMP1494,HR-Florida,62430.86,1.08,0.52
EMP1495,Admin-California,98219.54,1.05,1.81
EMP1496,Admin-Illinois,65494.58,1.05,1.09
EMP1497,DevOps-Florida,110524.10,1.18,1.13
EMP1498,Admin-Nevada,106060.54,1.05,0.53
EMP1499,Finance-Florida,67639.91,1.1,2.1
EMP1500,Cloud Tech-Texas,117653.98,1.1,1.62
EMP1501,DevOps-Texas,73539.86,1.18,2.32
EMP1502,HR-Nevada,70915.38,1.07,2.17
EMP1503,Sales-Florida,97652.90,1.12,2.14
EMP1504,HR-Florida,101571.25,1.08,2.06
EMP1505,DevOps-Nevada,87424.46,1.1,1.12
EMP1506,HR-New York,89077.36,1.06,1.19
EMP1507,DevOps-California,89132.22,1.1,2.53
EMP1508,Admin-California,111000.26,1.05,1.81
EMP1509,HR-Illinois,109584.97,1.08,0.56
EMP1510,Admin-Illinois,97648.84,1.05,1.64
EMP1511,Admin-New York,78643.43,1.05,1.77
EMP1512,HR-Nevada,55656.80,1.06,1.62
EMP1513,DevOps-Texas,69146.95,1.13,2.22
EMP1514,Admin-Florida,93013.58,1.05,1
EMP1515,Finance-Florida,87364.78,1.15,1.65
EMP1516,Sales-New York,50288.67,1.1,2.48
EMP1517,HR-New York,85233.55,1.08,1.82
EMP1518,HR-California,86420.19,1.06,1.83
EMP1519,HR-Florida,63189.82,1.06,2.02
EMP1520,Admin-New York,64783.32,1.05,1.18
EMP1521,HR-Nevada,52615.44,1.06,1.08
EMP1522,Sales-Texas,96337.89,1.15,0.56
EMP1523,DevOps-Texas,76617.76,1.13,2.22
EMP1524,Admin-Nevada,50651.32,1.05,0.53
EMP1525,HR-Illinois,59601.45,1.07,0.56
EMP1526,DevOps-Illinois,57980.88,1.15,0.6
EMP1527,Admin-California,75054.53,1.05,1.21
EMP1528,Sales-Florida,115318.70,1.1,2.1
EMP1529,DevOps-Texas,90190.69,1.1,0.54
EMP1530,Cloud Tech-Nevada,113334.56,1.18,2.4
EMP1531,HR-Florida,106922.49,1.1,2.1
EMP1532,DevOps-California,58113.07,1.1,1.26
EMP1533,Admin-Nevada,73006.26,1.05,0.53
EMP1534,HR-California,78054.43,1.1,0.63
EMP1535,DevOps-Florida,112028.67,1.1,2.1
EMP1536,Admin-Texas,83787.24,1.05,1.55
EMP1537,Sales-Florida,52017.14,1.1,1.05
EMP1538,Finance-Texas,53218.06,1.1,1.08
EMP1539,DevOps-Nevada,102053.67,1.1,1.12
EMP1540,Sales-Illinois,93276.73,1.1,1.14
EMP1541,HR-Nevada,76941.36,1.07,0.54
EMP1542,DevOps-New York,82850.23,1.1,0.62
EMP1543,Finance-California,117910.15,1.12,1.93
EMP1544,DevOps-Florida,66450.00,1.1,1.05
EMP1545,Finance-Florida,118646.95,1.15,1.1
EMP1546,Finance-Florida,88436.92,1.1,2.1
EMP1547,Sales-New York,81934.55,1.1,0.62
EMP1548,Finance-California,93383.06,1.08,1.24
EMP1549,Cloud Tech-Texas,50153.79,1.15,1.69
EMP1550,Sales-California,53204.47,1.15,1.98
EMP1551,Cloud Tech-California,63128.04,1.15,0.66
EMP1552,Finance-New York,57543.60,1.12,1.89
EMP1553,Finance-Nevada,59424.52,1.1,1.68
EMP1554,Finance-Illinois,104675.70,1.1,0.57
EMP1555,Cloud Tech-Florida,92431.25,1.1,1.05
EMP1556,Sales-Nevada,77850.90,1.12,1.14
EMP1557,Admin-New York,99001.00,1.05,1.77
EMP1558,HR-Nevada,94280.83,1.07,1.63
EMP1559,DevOps-New York,118262.56,1.1,1.24
EMP1560,HR-Illinois,89944.67,1.07,0.56
EMP1561,HR-Florida,57452.93,1.08,1.55
EMP1562,Admin-California,97837.32,1.05,2.41
EMP1563,Admin-Illinois,106981.84,1.05,0.55
EMP1564,Finance-New York,105778.36,1.08,1.82
EMP1565,Finance-Florida,117608.32,1.12,1.6
EMP1566,Sales-Florida,99324.03,1.1,2.1
EMP1567,HR-Florida,55212.83,1.07,2.04
EMP1568,Cloud Tech-Florida,68496.77,1.1,1.05
EMP1569,HR-Florida,52795.84,1.1,0.52
EMP1570,DevOps-California,90087.39,1.1,0.63
EMP1571,Admin-New York,105038.08,1.05,1.18
EMP1572,HR-New York,73231.85,1.07,0.6
EMP1573,Sales-Florida,102649.36,1.08,0.52
EMP1574,Finance-New York,114302.51,1.1,0.62
EMP1575,Finance-Texas,87816.61,1.12,0.55
EMP1576,Sales-Florida,70750.38,1.15,0.55
EMP1577,Cloud Tech-Texas,NULL,1.1,2.16
EMP1578,DevOps-Nevada,97978.36,1.1,0.56
EMP1579,DevOps-Nevada,107172.80,1.1,2.24
EMP1580,Finance-Nevada,56126.46,1.15,0.58
EMP1581,Cloud Tech-Illinois,78534.29,1.15,1.19
EMP1582,HR-Texas,NULL,1.07,1.58
EMP1583,Cloud Tech-Nevada,114963.34,1.13,2.3
EMP1584,Cloud Tech-California,77657.93,1.13,0.65
EMP1585,Sales-New York,77369.48,1.08,1.22
EMP1586,HR-Nevada,76119.14,1.07,1.63
EMP1587,Cloud Tech-Texas,77585.72,1.1,2.16
EMP1588,Admin-Nevada,74069.62,1.05,1.6
EMP1589,Admin-New York,67691.92,1.05,1.18
EMP1590,Finance-Nevada,70345.69,1.15,2.34
EMP1591,DevOps-Illinois,74999.69,1.15,1.79
EMP1592,HR-Illinois,72245.02,1.09,0.57
EMP1593,Admin-Illinois,106538.98,1.05,2.18
EMP1594,HR-New York,101787.14,1.07,1.81
EMP1595,DevOps-Nevada,83596.78,1.1,1.12
EMP1596,Sales-Texas,92463.94,1.1,1.08
EMP1597,Admin-California,93863.32,1.05,2.41
EMP1598,DevOps-Texas,78359.41,1.1,1.62
EMP1599,HR-Illinois,95773.57,1.08,2.24
EMP1600,Sales-Nevada,82529.08,1.15,2.34
EMP1601,Sales-Texas,109358.73,1.12,1.65
EMP1602,Admin-Florida,89645.01,1.05,1.5
EMP1603,HR-Texas,84134.95,1.06,0.52
EMP1604,Cloud Tech-Nevada,113540.83,1.13,1.72
EMP1605,Cloud Tech-Texas,57225.75,1.15,1.13
EMP1606,Sales-Illinois,76366.17,1.12,2.33
EMP1607,HR-Florida,78408.95,1.08,2.06
EMP1608,Finance-Illinois,111742.40,1.1,1.14
EMP1609,Sales-Nevada,60516.83,1.12,1.71
EMP1610,Finance-California,83706.17,1.15,1.32
EMP1611,Admin-Nevada,67056.92,1.05,1.07
EMP1612,DevOps-Illinois,90058.85,1.1,0.57
EMP1613,Sales-Florida,94633.59,1.1,1.05
EMP1614,Admin-Florida,110711.17,1.05,2
EMP1615,Admin-Illinois,96175.41,1.05,1.09
EMP1616,Sales-Illinois,76474.79,1.12,2.33
EMP1617,Sales-Illinois,107855.99,1.1,2.29
EMP1618,Sales-Illinois,104870.78,1.08,2.24
EMP1619,Finance-Nevada,NULL,1.1,1.68
EMP1620,Finance-California,87087.16,1.1,0.63
EMP1621,HR-Illinois,108603.34,1.06,2.2
EMP1622,HR-Florida,55867.23,1.06,2.02
EMP1623,Admin-Texas,105259.57,1.05,1.55
EMP1624,Cloud Tech-Florida,98143.67,1.15,2.19
EMP1625,Admin-Florida,67754.29,1.05,1
EMP1626,HR-Illinois,77821.79,1.07,1.11
EMP1627,HR-Illinois,67764.44,1.08,0.56
EMP1628,DevOps-New York,102346.99,1.18,2.66
EMP1629,Admin-Illinois,73690.65,1.05,1.64
EMP1630,Finance-Nevada,56376.20,1.08,1.1
EMP1631,Cloud Tech-California,55602.78,1.13,1.95
EMP1632,Sales-Nevada,99812.41,1.12,1.71
EMP1633,Finance-Texas,95981.90,1.08,1.06
EMP1634,Cloud Tech-Illinois,98891.48,1.13,1.76
EMP1635,Admin-Nevada,56079.00,1.05,1.07
EMP1636,DevOps-Florida,NULL,1.1,1.57
EMP1637,Sales-California,89137.97,1.08,1.24
EMP1638,Admin-Illinois,115079.97,1.05,2.18
EMP1639,Finance-Illinois,55067.02,1.1,0.57
EMP1640,HR-Illinois,98593.43,1.09,1.13
EMP1641,HR-Florida,112756.67,1.08,1.03
EMP1642,HR-Texas,105205.92,1.07,0.53
EMP1643,Finance-California,50680.62,1.1,1.26
EMP1644,Cloud Tech-Florida,107475.23,1.1,1.05
EMP1645,HR-California,68835.30,1.07,1.84
EMP1646,DevOps-New York,66943.96,1.1,0.62
EMP1647,Admin-Illinois,104525.69,1.05,2.18
EMP1648,Sales-Texas,109360.74,1.15,1.13
EMP1649,Sales-California,118907.63,1.12,0.64
EMP1650,Admin-Illinois,86801.48,1.05,1.64
EMP1651,HR-Florida,62236.03,1.06,2.02
EMP1652,DevOps-Texas,64752.67,1.1,0.54
EMP1653,Sales-California,68399.43,1.1,2.53
EMP1654,Admin-Florida,79336.51,1.05,2
EMP1655,HR-Florida,59179.74,1.07,2.04
EMP1656,DevOps-California,80255.31,1.1,1.26
EMP1657,Finance-Texas,84971.85,1.1,1.08
EMP1658,HR-California,89748.42,1.06,1.83
EMP1659,Admin-California,94090.35,1.05,1.81
EMP1660,HR-California,115229.12,1.07,0.61
EMP1661,Cloud Tech-California,63927.07,1.1,1.9
EMP1662,HR-California,84124.56,1.08,2.48
EMP1663,Sales-California,116961.61,1.1,2.53
EMP1664,DevOps-Illinois,109423.05,1.13,1.17
EMP1665,Admin-California,70394.94,1.05,2.41
EMP1666,Finance-California,86465.50,1.1,0.63
EMP1667,Cloud Tech-New York,96341.58,1.15,2.59
EMP1668,Admin-Florida,54465.47,1.05,2
EMP1669,Finance-Illinois,68371.66,1.15,0.6
EMP1670,Admin-New York,81021.23,1.05,1.77
EMP1671,Cloud Tech-Nevada,114069.07,1.1,1.68
EMP1672,HR-Illinois,117867.96,1.1,0.57
EMP1673,Sales-Florida,94509.58,1.08,1.03
EMP1674,Finance-Illinois,56268.78,1.08,2.24
EMP1675,Admin-California,86632.14,1.05,0.6
EMP1676,HR-Florida,98143.90,1.1,2.1
EMP1677,Cloud Tech-Florida,NULL,1.1,1.05
EMP1678,Finance-Illinois,67492.73,1.1,2.29
EMP1679,Admin-California,93772.61,1.05,0.6
EMP1680,DevOps-Nevada,68817.54,1.1,2.24
EMP1681,Admin-California,81874.01,1.05,1.81
EMP1682,HR-Texas,117880.14,1.1,1.08
EMP1683,HR-New York,100897.49,1.08,1.22
EMP1684,Finance-New York,71810.37,1.1,1.24
EMP1685,DevOps-Texas,109048.24,1.18,0.58
EMP1686,Finance-Texas,62712.26,1.1,1.08
EMP1687,Cloud Tech-Texas,76935.85,1.15,1.69
EMP1688,Admin-Florida,56577.22,1.05,0.5
EMP1689,Finance-Nevada,61102.80,1.12,1.71
EMP1690,Finance-Nevada,75229.87,1.12,2.28
EMP1691,Admin-Nevada,51054.74,1.05,2.13
EMP1692,Admin-Texas,104843.27,1.05,2.06
EMP1693,Cloud Tech-New York,56398.11,1.13,2.54
EMP1694,HR-Nevada,87544.73,1.07,1.63
EMP1695,HR-Illinois,74312.24,1.06,0.55
EMP1696,DevOps-Florida,59431.25,1.1,0.52
EMP1697,Sales-California,84306.44,1.1,1.26
EMP1698,DevOps-Florida,108194.47,1.1,1.57
EMP1699,Sales-New York,107359.30,1.12,2.52
EMP1700,DevOps-Illinois,NULL,1.1,1.71
EMP1701,Admin-California,96080.26,1.05,1.21
EMP1702,Sales-Nevada,88602.75,1.08,1.1
EMP1703,DevOps-California,86624.04,1.18,2.03
EMP1704,Cloud Tech-New York,63413.16,1.13,1.91
EMP1705,Sales-Illinois,67915.70,1.1,1.71
EMP1706,Admin-Nevada,108245.44,1.05,0.53
EMP1707,Sales-Nevada,75834.81,1.08,2.19
EMP1708,Cloud Tech-Nevada,71273.32,1.1,1.68
EMP1709,DevOps-New York,63262.23,1.13,1.91
EMP1710,DevOps-New York,89069.91,1.1,1.86
EMP1711,DevOps-Nevada,57287.17,1.1,1.12
EMP1712,HR-Nevada,119890.35,1.07,1.09
EMP1713,Sales-California,103492.91,1.1,0.63
EMP1714,Admin-Illinois,76254.42,1.05,2.18
EMP1715,Finance-Florida,100841.93,1.15,0.55
EMP1716,Admin-California,118907.61,1.05,2.41
EMP1717,DevOps-California,88942.62,1.13,1.3
EMP1718,Cloud Tech-Florida,59688.57,1.18,1.13
EMP1719,HR-California,77985.88,1.07,1.23
EMP1720,Finance-New York,112931.69,1.08,0.61
EMP1721,DevOps-California,106583.88,1.1,1.9
EMP1722,HR-Florida,58437.84,1.06,1.52
EMP1723,Cloud Tech-California,72352.16,1.18,1.36
EMP1724,DevOps-New York,97154.47,1.18,1.99
EMP1725,Sales-Illinois,80235.50,1.12,1.75
EMP1726,HR-Texas,102172.05,1.07,0.53
EMP1727,Finance-Illinois,98850.94,1.08,2.24
EMP1728,Admin-Florida,89993.15,1.05,1
EMP1729,Cloud Tech-California,97931.66,1.15,1.32
EMP1730,Finance-California,72451.69,1.12,0.64
EMP1731,Admin-California,119311.14,1.05,0.6
EMP1732,Cloud Tech-New York,76167.46,1.1,1.86
EMP1733,DevOps-Texas,114871.08,1.1,1.08
EMP1734,HR-Nevada,81504.31,1.09,2.21
EMP1735,Admin-New York,102524.86,1.05,0.59
EMP1736,Finance-Illinois,53043.74,1.1,2.29
EMP1737,DevOps-Illinois,82547.26,1.18,2.45
EMP1738,DevOps-California,113900.81,1.1,1.26
EMP1739,HR-Nevada,118585.50,1.09,1.11
EMP1740,Finance-Illinois,63049.22,1.15,0.6
EMP1741,DevOps-Texas,114558.91,1.15,1.13
EMP1742,DevOps-New York,97901.79,1.15,1.29
EMP1743,Sales-California,68037.56,1.1,1.26
EMP1744,HR-New York,112802.27,1.09,2.45
EMP1745,Sales-Nevada,93786.72,1.08,0.55
EMP1746,Admin-Florida,73049.93,1.05,1.5
EMP1747,Sales-Illinois,64161.72,1.08,2.24
EMP1748,Admin-Nevada,72224.73,1.05,1.07
EMP1749,HR-New York,103580.45,1.1,2.48
EMP1750,HR-Florida,112589.11,1.06,1.01
EMP1751,Admin-Texas,51833.88,1.05,1.03
EMP1752,Sales-Illinois,66252.78,1.1,2.29
EMP1753,DevOps-Florida,109229.68,1.13,0.54
EMP1754,Finance-Florida,61465.05,1.15,1.1
EMP1755,HR-Florida,96993.74,1.06,0.51
EMP1756,Admin-Florida,98150.39,1.05,1.5
EMP1757,Finance-Texas,107703.00,1.08,1.06
EMP1758,DevOps-Illinois,86766.14,1.13,0.59
EMP1759,Cloud Tech-Florida,111443.69,1.1,0.52
EMP1760,Sales-Florida,89039.07,1.15,1.65
EMP1761,HR-Florida,71318.79,1.06,0.51
EMP1762,Finance-California,98296.71,1.15,0.66
EMP1763,Cloud Tech-Nevada,62584.00,1.18,1.8
EMP1764,Finance-California,62521.50,1.15,1.32
EMP1765,Cloud Tech-California,95400.35,1.1,0.63
EMP1766,Cloud Tech-Texas,94385.07,1.13,0.55
EMP1767,Sales-New York,76642.49,1.1,0.62
EMP1768,DevOps-New York,60122.52,1.1,2.48
EMP1769,HR-California,117267.63,1.06,1.83
EMP1770,Admin-New York,NULL,1.05,2.36
EMP1771,Sales-Texas,84542.68,1.08,1.59
EMP1772,Finance-Florida,92007.15,1.1,1.05
EMP1773,DevOps-Illinois,62938.80,1.18,1.23
EMP1774,Admin-Texas,108661.01,1.05,0.52
EMP1775,Cloud Tech-Florida,97046.33,1.18,1.69
EMP1776,DevOps-Illinois,56518.84,1.18,1.23
EMP1777,Cloud Tech-Florida,70498.29,1.18,1.69
EMP1778,Sales-Florida,98708.06,1.12,1.07
EMP1779,DevOps-Nevada,83856.41,1.18,2.4
EMP1780,Sales-California,90259.99,1.1,1.26
EMP1781,Sales-Florida,94230.03,1.08,2.06
EMP1782,Admin-Nevada,50110.66,1.05,1.07
EMP1783,Sales-Florida,73365.46,1.15,0.55
EMP1784,DevOps-New York,67809.23,1.15,2.59
EMP1785,Sales-California,98008.51,1.15,1.32
EMP1786,Admin-California,83537.58,1.05,0.6
EMP1787,Finance-New York,112444.08,1.1,2.48
EMP1788,Finance-Nevada,86475.13,1.08,0.55
EMP1789,Sales-Texas,97984.53,1.1,1.62
EMP1790,Admin-California,118853.31,1.05,1.81
EMP1791,Sales-Florida,58179.12,1.1,2.1
EMP1792,DevOps-Texas,56075.84,1.13,1.11
EMP1793,HR-New York,62250.89,1.09,2.45
EMP1794,Cloud Tech-Florida,105931.77,1.18,0.56
EMP1795,HR-Florida,86653.96,1.06,1.01
EMP1796,Sales-Nevada,100719.94,1.12,1.71
EMP1797,HR-Texas,91600.13,1.06,1.04
EMP1798,Cloud Tech-Illinois,71873.66,1.1,1.71
EMP1799,HR-New York,69365.47,1.09,1.23
EMP1800,HR-New York,58012.23,1.09,1.23
EMP1801,Sales-California,68973.65,1.12,1.29
EMP1802,Admin-New York,92928.40,1.05,0.59
EMP1803,Admin-Texas,53531.92,1.05,0.52
EMP1804,Finance-New York,112389.31,1.1,2.48
EMP1805,HR-California,63870.30,1.06,2.44
EMP1806,Sales-New York,106164.53,1.08,1.82
EMP1807,HR-Nevada,103654.54,1.07,0.54
EMP1808,Sales-California,62834.72,1.1,1.9
EMP1809,Finance-Florida,83273.41,1.15,2.19
EMP1810,HR-California,58917.58,1.07,1.84
EMP1811,Sales-Nevada,71148.27,1.08,2.19
EMP1812,Sales-New York,118172.42,1.15,0.65
EMP1813,DevOps-Illinois,118614.37,1.1,1.14
EMP1814,DevOps-New York,96872.36,1.1,0.62
EMP1815,Sales-Illinois,88856.14,1.12,1.75
EMP1816,Finance-Texas,97985.61,1.15,1.69
EMP1817,Finance-Nevada,56337.31,1.15,0.58
EMP1818,DevOps-New York,70405.23,1.13,0.64
EMP1819,Admin-Nevada,89919.35,1.05,2.13
EMP1820,DevOps-California,50568.35,1.1,1.9
EMP1821,HR-Texas,NULL,1.07,1.58
EMP1822,HR-Texas,99155.53,1.08,0.53
EMP1823,Finance-Florida,64785.13,1.1,1.05
EMP1824,Sales-Florida,79206.48,1.08,1.55
EMP1825,Cloud Tech-Texas,60079.71,1.18,1.16
EMP1826,Cloud Tech-New York,79109.88,1.1,0.62
EMP1827,Admin-Florida,88643.50,1.05,0.5
EMP1828,Admin-Florida,90455.70,1.05,2
EMP1829,HR-Florida,75687.90,1.07,1.53
EMP1830,Cloud Tech-Illinois,55604.42,1.1,1.14
EMP1831,Sales-Texas,92704.94,1.08,2.12
EMP1832,Sales-California,113250.97,1.15,1.98
EMP1833,Finance-Illinois,101367.02,1.1,2.29
EMP1834,Admin-Texas,102459.77,1.05,0.52
EMP1835,DevOps-Florida,90100.20,1.18,1.69
EMP1836,Cloud Tech-California,58877.49,1.18,2.71
EMP1837,Admin-Illinois,NULL,1.05,2.18
EMP1838,Admin-Illinois,96140.89,1.05,1.09
EMP1839,DevOps-New York,105956.04,1.15,2.59
EMP1840,Admin-Illinois,84716.38,1.05,1.64
EMP1841,DevOps-Florida,61709.83,1.1,1.57
EMP1842,DevOps-California,61732.03,1.18,1.36
EMP1843,DevOps-Illinois,97845.70,1.13,1.76
EMP1844,Sales-Florida,114905.58,1.12,0.53
EMP1845,DevOps-Texas,94619.69,1.13,1.66
EMP1846,DevOps-California,68696.15,1.15,1.98
EMP1847,DevOps-Nevada,97032.29,1.1,2.24
EMP1848,HR-Illinois,50593.33,1.07,2.22
EMP1849,Sales-Texas,74606.15,1.1,1.62
EMP1850,Cloud Tech-Texas,53981.73,1.18,1.16
EMP1851,DevOps-Texas,56047.05,1.18,2.32
EMP1852,Admin-Texas,67733.50,1.05,1.03
EMP1853,HR-Florida,103891.64,1.07,1.53
EMP1854,HR-Texas,73285.83,1.08,1.59
EMP1855,Finance-Texas,92721.13,1.12,0.55
EMP1856,Admin-Illinois,92977.64,1.05,2.18
